feature,mean_abs_shap,rank_shap,cpf_importance_mean,rank_cpf,class_id,class_name,shap_top_k,cpf_top_k,strict_intersection,shap_normalized,cpf_normalized,consensus_score
proto,0.019193070891484865,12,0.0,8,0,backdoor,False,False,False,0.0013727937467941935,0.0,0.0006863968733970968
service,0.8028124573821643,6,0.0005363078321577008,4,0,backdoor,True,True,True,0.0574215521619142,0.0008572163329768204,0.02913938424744551
duration,1.9987840990342016,3,7.149237656061125e-05,6,0,backdoor,True,True,True,0.14296400653441946,0.0001142710010863025,0.07153913876775288
src_bytes,0.2704257430393564,8,0.0020773865216463737,3,0,backdoor,True,True,True,0.019342333028181773,0.003320424482888296,0.011331378755535033
dst_bytes,0.1058963649716751,10,0.0002146942034944921,5,0,backdoor,True,True,True,0.007574289099606637,0.0003431599667125711,0.0039587245331596035
conn_state,4.228938344821266,2,0.009289409357473221,2,0,backdoor,True,True,True,0.30247687554389496,0.014847878303205974,0.15866237692355048
src_pkts,0.4623582764881369,7,3.568239682172347e-05,7,0,backdoor,True,True,True,0.033070400996802134,5.7033538429375976e-05,0.016563717267615755
src_ip_bytes,13.981030243112151,1,0.6256388399592041,1,0,backdoor,True,True,True,1.0,1.0,1.0
dst_pkts,1.921819063671133,4,-0.00014283160986554576,13,0,backdoor,True,False,False,0.13745904488104016,0.0,0.06872952244052008
dst_ip_bytes,0.9785532770864386,5,-0.00017853951233193222,14,0,backdoor,True,False,False,0.06999149991600435,0.0,0.03499574995800218
dns_query,0.00046193686578255473,13,0.0,9,0,backdoor,False,False,False,3.3040259390764926e-05,0.0,1.6520129695382463e-05
dns_rcode,5.24130448508332e-06,14,0.0,10,0,backdoor,False,False,False,3.7488685697289613e-07,0.0,1.8744342848644807e-07
dns_AA,0.12150687760271071,9,0.0,11,0,backdoor,True,False,False,0.008690838621322052,0.0,0.004345419310661026
dns_RD,0.09040499988037476,11,0.0,12,0,backdoor,False,False,False,0.006466261663722056,0.0,0.003233130831861028
proto,0.08334045939125007,12,0.0017727208083161416,10,1,ddos,False,True,False,0.02780485979369569,0.009294229219434244,0.018549544506564968
service,0.10106250264757002,11,0.00017988669903470366,13,1,ddos,False,False,False,0.033717461327201534,0.0009431311498757755,0.017330296238538656
duration,1.0000703110536024,7,0.08270712246720373,2,1,ddos,True,True,True,0.33365324580395217,0.4336266323968844,0.38363993910041827
src_bytes,0.4806444658378722,8,0.03689661943004572,4,1,ddos,True,True,True,0.1603573112130086,0.1934459373390059,0.17690162427600725
dst_bytes,1.299863480540233,4,0.02298240794280353,5,1,ddos,True,True,True,0.4336731773662514,0.12049487230753417,0.27708402483689276
conn_state,1.8690996670719466,2,0.1907334934896355,1,1,ddos,True,True,True,0.6235873255677675,1.0,0.8117936627838838
src_pkts,0.23616729768677733,9,0.0033863042760748476,8,1,ddos,True,True,True,0.07879244544608624,0.01775411446683778,0.04827327995646201
src_ip_bytes,1.3650432930259675,3,0.013391402363582694,7,1,ddos,True,True,True,0.45541910438396954,0.0702100198479843,0.2628145621159769
dst_pkts,0.10893134138561983,10,0.0005631339232875287,11,1,ddos,True,False,False,0.03634274032672727,0.0029524647873034925,0.019647602557015382
dst_ip_bytes,2.9973342793171067,1,0.049404893910200795,3,1,ddos,True,True,True,1.0,0.25902579041727386,0.629512895208637
dns_query,1.1049965933174763,6,0.018956584779853645,6,1,ddos,True,True,True,0.368659779105196,0.09938781297939027,0.23402379604229312
dns_rcode,1.1955894371627942,5,0.002091644674219917,9,1,ddos,True,True,True,0.39888425038637654,0.010966320785885345,0.20492528558613093
dns_AA,0.02978531895612471,14,0.00010582355955106593,14,1,ddos,False,False,False,0.009937269647118174,0.0005548242084540668,0.00524604692778612
dns_RD,0.08162618176148259,13,0.0004362315478841916,12,1,ddos,False,False,False,0.02723292571160257,0.0022871260831171035,0.014760025897359837
proto,0.016468830239067724,14,0.0004806425233854439,11,2,dos,False,False,False,0.003332891764752638,0.0009265931310021767,0.0021297424478774075
service,0.07126623514848512,11,0.0006716198914310523,10,2,dos,False,True,False,0.014422557326983344,0.001294763463001758,0.00785866039499255
duration,1.6553691001763167,3,0.009507098518231038,4,2,dos,True,True,True,0.3350065524699919,0.01832799170723694,0.1766672720886144
src_bytes,1.2123278697857978,5,0.007055264128192795,5,2,dos,True,True,True,0.24534575405386677,0.013601291938430862,0.1294735229961488
dst_bytes,0.162447038374119,8,0.0007259270150946628,9,2,dos,True,True,True,0.0328753401757213,0.001399457919490439,0.01713739904760587
conn_state,4.574325583625039,2,0.3311360593415846,2,2,dos,True,True,True,0.9257325411488506,0.6383713114933551,0.7820519263211029
src_pkts,1.2912228478635217,4,0.018499711948835283,3,2,dos,True,True,True,0.2613121839033781,0.035664147850611914,0.148488165876995
src_ip_bytes,4.941303649052046,1,0.5187201451251798,1,2,dos,True,True,True,1.0,1.0,1.0
dst_pkts,0.12367472159529573,9,0.0027248973098690453,7,2,dos,True,True,True,0.02502876373910392,0.005253116416389537,0.015140940077746728
dst_ip_bytes,0.25115908866268405,7,0.002581308238510749,8,2,dos,True,True,True,0.05082850731322029,0.004976302275454939,0.027902404794337615
dns_query,0.2863611383903911,6,0.004713549032826503,6,2,dos,True,True,True,0.05795254830075611,0.009086882545672114,0.03351971542321411
dns_rcode,0.022063414918885645,13,0.0001416377641251687,13,2,dos,False,False,False,0.004465099999089988,0.0002730523683266399,0.002369076183708314
dns_AA,0.08703739142270055,10,-2.6188322904840965e-05,14,2,dos,True,False,False,0.01761425680435527,0.0,0.008807128402177636
dns_RD,0.052141362868128455,12,0.00023251635120837832,12,2,dos,False,False,False,0.010552147079269537,0.0004482500889805744,0.005500198584125055
proto,0.04081812216116844,11,0.0018529096651664911,10,3,injection,False,True,False,0.009721554117082136,0.009281450846771806,0.00950150248192697
service,0.10598327942149713,10,0.00010344416948284695,12,3,injection,True,False,False,0.02524178310637964,0.0005181644807027904,0.012879973793541217
duration,1.4536038647458283,4,0.0558226491256157,3,3,injection,True,True,True,0.3462013411623784,0.27962246823804904,0.3129119047002137
src_bytes,4.198723956023169,1,0.199635778474327,1,3,injection,True,True,True,1.0,1.0,1.0
dst_bytes,2.7850784979409036,2,0.02471433664696001,6,3,injection,True,True,True,0.6633154565795263,0.1237971311346791,0.39355629385710267
conn_state,1.420932360055637,5,0.08800261880932955,2,3,injection,True,True,True,0.338420047361598,0.4408158671850828,0.38961795727334037
src_pkts,0.37557855008731433,7,0.05091703970370705,4,3,injection,True,True,True,0.08945064119981928,0.25504967142077156,0.17225015631029542
src_ip_bytes,0.801904047037682,6,0.008782284091001102,8,3,injection,True,True,True,0.19098756084865537,0.04399153377274253,0.11748954731069895
dst_pkts,0.3018534058101809,9,0.003571422156730808,9,3,injection,True,True,True,0.07189170066233218,0.01788968983428033,0.04489069524830625
dst_ip_bytes,1.696993792816652,3,0.04403407536307698,5,3,injection,True,True,True,0.4041689357506521,0.2205720622806083,0.3123704990156302
dns_query,0.3536517612728503,8,0.0195508811057127,7,3,injection,True,True,True,0.0842283905722186,0.09793275160958649,0.09108057109090255
dns_rcode,0.029039565291609854,13,0.0006294603277840372,11,3,injection,False,False,False,0.0069162835175081965,0.0031530436708016507,0.005034663594154923
dns_AA,0.004120136410460521,14,4.614543268819382e-05,13,3,injection,False,False,False,0.0009812829930269857,0.00023114810902559774,0.0006062155510262918
dns_RD,0.033592793894396795,12,-8.12804509656706e-05,14,3,injection,False,False,False,0.008000715037769305,0.0,0.004000357518884653
proto,0.07195568095033548,14,0.031681767280436215,7,4,mitm,False,True,False,0.027329557704902793,0.25994441919977146,0.14363698845233713
service,0.5404883271073345,10,0.03128567681391892,8,4,mitm,True,True,True,0.2052834012466865,0.25669455294837124,0.23098897709752886
duration,1.6187536488849332,2,0.09564516633126356,2,4,mitm,True,True,True,0.6148204099097817,0.7847550608895049,0.6997877353996433
src_bytes,1.1308823091837898,4,0.029934909880426085,9,4,mitm,True,True,True,0.4295215182193062,0.24561170132292318,0.3375666097711147
dst_bytes,0.7719257271132919,7,0.08254343486353018,3,4,mitm,True,True,True,0.2931858669727925,0.6772572074160849,0.48522153719443867
conn_state,0.686357907241249,8,0.019393758460941445,10,4,mitm,True,True,True,0.26068626944289347,0.15912304495535914,0.20990465719912632
src_pkts,1.0950748336983618,5,0.06133047220083856,4,4,mitm,True,True,True,0.4159214458605811,0.5032078493089418,0.45956464758476145
src_ip_bytes,1.3269633319159284,3,0.038095360671737535,6,4,mitm,True,True,True,0.5039952436405559,0.3125670457826898,0.40828114471162286
dst_pkts,0.29767533285242276,11,0.0033502264140271576,11,4,mitm,False,False,False,0.1130603599197612,0.02748813384282999,0.07027424688129559
dst_ip_bytes,2.6328886009533545,1,0.12187900543495903,1,4,mitm,True,True,True,1.0,1.0,1.0
dns_query,0.9834806526056219,6,0.060564964565212764,5,4,mitm,True,True,True,0.3735367505672321,0.4969269674384845,0.4352318590028583
dns_rcode,0.1936867599151826,13,-0.0003392500629989303,13,4,mitm,False,False,False,0.07356435811414494,0.0,0.03678217905707247
dns_AA,0.6438711827848519,9,0.000477907751907547,12,4,mitm,True,False,False,0.24454934498622907,0.003921165505100741,0.12423525524566491
dns_RD,0.2924814415203937,12,-0.0007913381641788453,14,4,mitm,False,False,False,0.11108766296245415,0.0,0.055543831481227074
proto,2.7972522663330284,1,0.06368233234189051,2,5,normal,True,True,True,1.0,0.6942165502190366,0.8471082751095182
service,0.27283232133753216,11,0.0002715970532219059,11,5,normal,False,False,False,0.09753582993613703,0.00296074534966962,0.05024828764290332
duration,0.9551752791181931,6,0.021715439005483138,7,5,normal,True,True,True,0.34146912333021384,0.2367252674092445,0.28909719536972917
src_bytes,0.43108793066048645,9,0.0305933319388068,5,5,normal,True,True,True,0.1541112097213913,0.33350533149825634,0.24380827060982382
dst_bytes,0.11305861270340202,13,0.009020650107321426,8,5,normal,False,True,False,0.040417739245095945,0.09833629466674393,0.06937701695591994
conn_state,0.7519609232091808,7,0.04106779874830706,3,5,normal,True,True,True,0.2688212758854749,0.4476900346406664,0.3582556552630707
src_pkts,2.263361454189458,2,0.09173266226769976,1,5,normal,True,True,True,0.8091374101044315,1.0,0.9045687050522158
src_ip_bytes,1.34657978853532,4,0.023495230618345863,6,5,normal,True,True,True,0.4813937608496702,0.25612720744744844,0.36876048414855933
dst_pkts,1.1543327560275136,5,0.008742387363591675,9,5,normal,True,True,True,0.412666662181581,0.0953028850081677,0.25398477359487437
dst_ip_bytes,0.6475557230174461,8,0.0400190147241674,4,5,normal,True,True,True,0.23149707690337823,0.4362569856239592,0.33387703126366874
dns_query,1.6700901666676247,3,0.005949203478562093,10,5,normal,True,True,True,0.5970466756854139,0.06485371002534267,0.3309501928553783
dns_rcode,0.062150999839719015,14,0.00015702525252645483,13,5,normal,False,False,False,0.022218589502188142,0.0017117703623188687,0.011965179932253505
dns_AA,0.11513039184201795,12,6.965023500082879e-05,14,5,normal,False,False,False,0.04115838718863372,0.0007592741045449144,0.020958830646589315
dns_RD,0.38041862960477824,10,0.0002116419677549164,12,5,normal,True,False,False,0.1359972549431433,0.0023071604216313934,0.06915220768238735
proto,0.06292074837227656,13,0.0002849595398365379,11,6,password,False,False,False,0.011215113292249113,0.0008774008226735635,0.006046257057461338
service,0.16695378696973387,10,0.001073120343899281,8,6,password,True,True,True,0.02975815901548602,0.003304176702085756,0.01653116785878589
duration,1.0869172099784103,6,0.002154117078171325,5,6,password,True,True,True,0.19373418092678263,0.006632605097575863,0.10018339301217924
src_bytes,3.678928991378573,2,0.3247769234683712,1,6,password,True,True,True,0.655739267249876,1.0,0.827869633624938
dst_bytes,0.6052335058831316,7,0.0027574563499729752,4,6,password,True,True,True,0.10787796573213027,0.008490308734147219,0.05818413723313874
conn_state,1.7035739551204214,4,0.0902893927628424,3,6,password,True,True,True,0.30364824644740884,0.27800433540234376,0.29082629092487633
src_pkts,0.1677466495032193,9,0.0012652045578811055,7,6,password,True,True,True,0.029899480334260046,0.0038956110069942175,0.01689754567062713
src_ip_bytes,5.610353344870958,1,0.20546740303887975,2,6,password,True,True,True,1.0,0.6326416324307889,0.8163208162153944
dst_pkts,1.7955957890777237,3,0.000367369578568133,10,6,password,True,True,True,0.32005039231963445,0.0011311443394589262,0.1605907683295467
dst_ip_bytes,1.628560414205974,5,0.0010104540455245115,9,6,password,True,True,True,0.2902776909220558,0.0031112248824012143,0.14669445790222851
dns_query,0.4643211065521388,8,0.002004588328672807,6,6,password,True,True,True,0.08276147294298779,0.0061722006208610024,0.044466836781924396
dns_rcode,0.0648774355976531,12,-7.324591019672866e-05,12,6,password,False,False,False,0.011563876927103835,0.0,0.005781938463551918
dns_AA,0.00045559099782884924,14,-7.521618300416754e-05,13,6,password,False,False,False,8.120540183896887e-05,0.0,4.0602700919484436e-05
dns_RD,0.1045586875913338,11,-0.00014056544882972143,14,6,password,False,False,False,0.018636738394903846,0.0,0.009318369197451923
proto,0.3299311004872473,7,0.029842051206210397,6,7,ransomware,True,True,True,0.059596710322349054,0.08436940110905046,0.07198305571569975
service,0.025783832910213463,11,0.0,13,7,ransomware,False,False,False,0.004657431865866907,0.0,0.0023287159329334534
duration,5.536062287711903,1,0.1361273904701832,3,7,ransomware,True,True,True,1.0,0.38485914822494144,0.6924295741124707
src_bytes,0.08153194111823023,10,7.625744652852706e-05,10,7,ransomware,True,True,True,0.01472742481586637,0.00021559493512223236,0.0074715098754943015
dst_bytes,0.0004543686006763677,13,0.0,14,7,ransomware,False,False,False,8.207432956180878e-05,0.0,4.103716478090439e-05
conn_state,3.543387106458652,2,0.35370704086945554,1,7,ransomware,True,True,True,0.6400554983501028,1.0,0.8200277491750514
src_pkts,1.587340249611141,4,0.10820404078456927,4,7,ransomware,True,True,True,0.2867273103365318,0.3059142970934093,0.29632080371497055
src_ip_bytes,3.1574163069162235,3,0.22972458015091296,2,7,ransomware,True,True,True,0.5703361239133038,0.6494769784232217,0.6099065511682628
dst_pkts,0.5442099249983801,6,0.019079391843381456,8,7,ransomware,True,True,True,0.09830270988936185,0.053941227170604115,0.07612196852998299
dst_ip_bytes,1.5655303984595939,5,0.09933059964426734,5,7,ransomware,True,True,True,0.2827877139197868,0.2808273179976867,0.28180751595873677
dns_query,0.0050985073689701985,12,0.02506264999431913,7,7,ransomware,False,True,False,0.000920962789795028,0.07085708537978787,0.03588902408479145
dns_rcode,0.0,14,3.633834760763399e-05,11,7,ransomware,False,False,False,0.0,0.00010273572026813447,5.1367860134067234e-05
dns_AA,0.22264178672566604,8,0.0001336799814433798,9,7,ransomware,True,True,True,0.04021663325932079,0.00037793983720193385,0.02029728654826136
dns_RD,0.08515860396300282,9,3.171128322800865e-05,12,7,ransomware,True,False,False,0.015382522727756288,8.965409099592251e-05,0.007736088409376105
proto,0.11522292757406782,9,0.08646981474175175,2,8,scanning,True,True,True,0.007352934421233719,0.10950906193299123,0.058430998177112475
service,0.014598926954199181,13,-0.00017650765047372285,13,8,scanning,False,False,False,0.0009316284074244183,0.0,0.00046581420371220915
duration,2.0322702611808507,2,0.004779710446443941,5,8,scanning,True,True,True,0.12968903213364835,0.006053229197548654,0.06787113066559851
src_bytes,0.1987170242588477,7,0.000997571396832142,8,8,scanning,True,True,True,0.012681098098455761,0.0012633669703645592,0.00697223253441016
dst_bytes,0.3350933835816518,5,0.0005988354654921757,9,8,scanning,True,True,True,0.021383935700482352,0.0007583907780317026,0.011071163239257028
conn_state,1.1176993732915055,3,0.07909639528545578,3,8,scanning,True,True,True,0.0713258234927551,0.10017104900548626,0.08574843624912068
src_pkts,0.13249499887201627,8,0.0005642276929214596,10,8,scanning,True,True,True,0.008455149147474288,0.0007145620185839332,0.004584855583029111
src_ip_bytes,15.670332546599136,1,0.7896133271113469,1,8,scanning,True,True,True,1.0,1.0,1.0
dst_pkts,0.09910653286613307,10,0.00365784106473539,6,8,scanning,True,True,True,0.00632446902906612,0.004632445956955817,0.005478457493010969
dst_ip_bytes,0.22709531198711144,6,0.0011212154291811327,7,8,scanning,True,True,True,0.014492054416317856,0.0014199550472164524,0.007956004731767155
dns_query,0.40693733684530226,4,0.006904392732269837,4,8,scanning,True,True,True,0.025968647164007895,0.008744017476919077,0.017356332320463484
dns_rcode,0.019005091092165242,12,-0.00014834776669223615,12,8,scanning,False,False,False,0.0012128071332021498,0.0,0.0006064035666010749
dns_AA,0.007392068554649574,14,-0.00018233110880083725,14,8,scanning,False,False,False,0.00047172378331268035,0.0,0.00023586189165634018
dns_RD,0.01953338787208453,11,0.000137833126197906,11,8,scanning,False,False,False,0.0012465203156345125,0.00017455775056652448,0.0007105390331005185
proto,0.1834916060230479,10,0.033856241826051,7,9,xss,True,True,True,0.06143471233731057,0.06806525506386672,0.06474998370058865
service,0.18362629243282047,9,0.0005741101980058616,11,9,xss,True,False,False,0.0614798066117543,0.001154202444051775,0.031317004527903036
duration,0.9085594810412218,4,0.06978405446235843,4,9,xss,True,True,True,0.3041942439159457,0.14029523686578707,0.2222447403908664
src_bytes,1.7110798594029863,2,0.07089597390000638,3,9,xss,True,True,True,0.5728856007472324,0.14253066159257244,0.3577081311699024
dst_bytes,0.7315303303522465,6,0.007019573451865768,9,9,xss,True,True,True,0.2449232222947739,0.01411228865553387,0.12951775547515387
conn_state,2.9867740735168975,1,0.4974085793740602,1,9,xss,True,True,True,1.0,1.0,1.0
src_pkts,0.8644909603433996,5,0.05148581370457126,6,9,xss,True,True,True,0.2894396894658557,0.1035080934256524,0.19647389144575406
src_ip_bytes,1.3259142262671484,3,0.258832683167395,2,9,xss,True,True,True,0.44392853079305633,0.5203623216413165,0.48214542621718637
dst_pkts,0.17355899898522775,11,0.005641967734881614,10,9,xss,False,True,False,0.05810918225256446,0.011342723002448965,0.03472595262750671
dst_ip_bytes,0.39321615698569284,8,0.007765744407634933,8,9,xss,True,True,True,0.13165246091837293,0.015612405434195283,0.07363243317628411
dns_query,0.5628388495080778,7,0.05337085014688765,5,9,xss,True,True,True,0.18844373081266924,0.10729780779826842,0.14787076930546883
dns_rcode,0.07341348842477824,13,0.00028477145662442194,12,9,xss,False,False,False,0.024579525139085786,0.0005725101424321607,0.012576017640758974
dns_AA,0.06410204444609206,14,4.354716974244166e-05,14,9,xss,False,False,False,0.021461966278089634,8.754808732338613e-05,0.010774757182706509
dns_RD,0.07978939079977436,12,0.00020758519082175741,13,9,xss,False,False,False,0.02671423711195642,0.0004173333541672783,0.01356578523306185
