class_id,class_name,feature,metric,baseline_score,permuted_score_mean,cpf_importance_mean,cpf_importance_std,conditioning_features,repeats,rank_cpf
0,backdoor,src_ip_bytes,f1,0.9997142857142857,0.36334464839449765,0.636369637319788,0.00263335499634664,src_pkts;src_bytes,5,1
0,backdoor,conn_state,f1,0.9997142857142857,0.9299906823100512,0.06972360340423442,0.00223635239951191,dst_bytes;service,5,2
0,backdoor,service,f1,0.9997142857142857,0.9960273620058416,0.0036869237084440343,5.7494693870253764e-05,src_bytes;proto,5,3
0,backdoor,src_bytes,f1,0.9997142857142857,0.9963150406159287,0.00339924509835694,4.195653953957668e-05,dst_bytes;service,5,4
0,backdoor,proto,f1,0.9997142857142857,0.9995287331071261,0.0001855526071595559,4.1633217542247846e-05,dns_AA;dns_RA,5,5
0,backdoor,src_pkts,f1,0.9997142857142857,0.9996214681062237,9.281760806190142e-05,6.620465475504988e-05,src_ip_bytes;duration,5,6
0,backdoor,dns_AA,f1,0.9997142857142857,0.9996500318845939,6.425382969164062e-05,3.4994272810233e-05,dns_RA;dns_rejected,5,7
0,backdoor,duration,f1,0.9997142857142857,0.9996713254777958,4.296023648977521e-05,1.4285202458985679e-05,src_pkts;dst_pkts,5,8
0,backdoor,dst_bytes,f1,0.9997142857142857,0.9996999096665917,1.4376047694097948e-05,1.750698293745202e-05,dst_ip_bytes;src_bytes,5,9
0,backdoor,dst_ip_bytes,f1,0.9997142857142857,0.9996999229391893,1.4362775096299351e-05,4.8456726926400115e-05,dst_pkts;dst_bytes,5,10
0,backdoor,dns_rejected,f1,0.9997142857142857,0.9996999954079993,1.4290306286435239e-05,1.7501979334926543e-05,dns_AA;dns_RD,5,11
0,backdoor,dns_rcode,f1,0.9997142857142857,0.9997071405611424,7.1451531432176195e-06,1.4290306286435239e-05,dns_RA;dns_AA,5,12
0,backdoor,missed_bytes,f1,0.9997142857142857,0.9997142857142857,0.0,0.0,dst_bytes;duration,5,13
0,backdoor,dst_pkts,f1,0.9997142857142857,0.9997142857142857,0.0,0.0,dst_ip_bytes;dst_bytes,5,14
0,backdoor,dns_qclass,f1,0.9997142857142857,0.9997142857142857,0.0,0.0,dns_qtype;dns_AA,5,15
0,backdoor,dns_RD,f1,0.9997142857142857,0.9997142857142857,0.0,0.0,dns_RA;dns_rejected,5,16
0,backdoor,dns_RA,f1,0.9997142857142857,0.9997142857142857,0.0,0.0,dns_AA;dns_RD,5,17
0,backdoor,http_request_body_len,f1,0.9997142857142857,0.9997142857142857,0.0,0.0,http_status_code;http_response_body_len,5,18
0,backdoor,http_response_body_len,f1,0.9997142857142857,0.9997142857142857,0.0,0.0,http_status_code;missed_bytes,5,19
0,backdoor,http_status_code,f1,0.9997142857142857,0.9997142857142857,0.0,0.0,http_response_body_len;http_request_body_len,5,20
0,backdoor,dns_query,f1,0.9997142857142857,0.9997142918360058,-6.121720175222833e-09,5.049572247424339e-05,dns_RA;dns_rejected,5,21
0,backdoor,dns_qtype,f1,0.9997142857142857,0.9997285678570152,-1.4282142729626911e-05,1.7491981060593233e-05,dns_qclass;dns_rejected,5,22
1,ddos,conn_state,f1,0.9868907804475092,0.8385327891609519,0.1483579912865573,0.0003468377318616712,dst_bytes;service,5,1
1,ddos,duration,f1,0.9868907804475092,0.9139379460161916,0.07295283443131757,0.0015309499256139958,src_pkts;dst_pkts,5,2
1,ddos,dns_query,f1,0.9868907804475092,0.9498706148717645,0.037020165575744765,0.0005599009427610632,dns_RA;dns_rejected,5,3
1,ddos,dst_ip_bytes,f1,0.9868907804475092,0.9582822428790007,0.028608537568508518,0.0005564178035857595,dst_pkts;dst_bytes,5,4
1,ddos,src_bytes,f1,0.9868907804475092,0.9622958790824759,0.024594901365033263,0.0005536404351263694,dst_bytes;service,5,5
1,ddos,dst_bytes,f1,0.9868907804475092,0.9716279940943965,0.015262786353112711,0.0006335154376960476,dst_ip_bytes;src_bytes,5,6
1,ddos,src_ip_bytes,f1,0.9868907804475092,0.9747789998419473,0.012111780605561973,0.0003646115192339409,src_pkts;src_bytes,5,7
1,ddos,src_pkts,f1,0.9868907804475092,0.9805064597055754,0.006384320741933824,0.0003467133343672986,src_ip_bytes;duration,5,8
1,ddos,dns_rcode,f1,0.9868907804475092,0.9850022752825185,0.0018885051649909057,0.00023692632793734084,dns_RA;dns_AA,5,9
1,ddos,proto,f1,0.9868907804475092,0.9853007541385278,0.0015900263089813516,0.00014341856812123512,dns_AA;dns_RA,5,10
1,ddos,dst_pkts,f1,0.9868907804475092,0.9854598832710426,0.00143089717646665,0.0001352805500054019,dst_ip_bytes;dst_bytes,5,11
1,ddos,dns_rejected,f1,0.9868907804475092,0.9862496540083783,0.0006411264391310123,8.076660059169471e-05,dns_AA;dns_RD,5,12
1,ddos,dns_RD,f1,0.9868907804475092,0.9866653210248797,0.00022545942262945927,8.074741772718699e-05,dns_RA;dns_rejected,5,13
1,ddos,http_status_code,f1,0.9868907804475092,0.9867490214385752,0.00014175900893409477,0.0,http_response_body_len;http_request_body_len,5,14
1,ddos,dns_AA,f1,0.9868907804475092,0.9867862309992897,0.00010454944821942646,4.160446209219112e-05,dns_RA;dns_rejected,5,15
1,ddos,dns_RA,f1,0.9868907804475092,0.9868217899579008,6.899048960840037e-05,5.986077888960098e-05,dns_AA;dns_RD,5,16
1,ddos,missed_bytes,f1,0.9868907804475092,0.9868553368768855,3.544357062368331e-05,0.0,dst_bytes;duration,5,17
1,ddos,dns_qtype,f1,0.9868907804475092,0.9868574142163231,3.3366231186171544e-05,7.17226598925459e-05,dns_qclass;dns_rejected,5,18
1,ddos,service,f1,0.9868907804475092,0.9868631787982824,2.760164922686048e-05,6.209423602906853e-05,src_bytes;proto,5,19
1,ddos,http_request_body_len,f1,0.9868907804475092,0.9868907804475093,0.0,0.0,http_status_code;http_response_body_len,5,20
1,ddos,http_response_body_len,f1,0.9868907804475092,0.9868907804475093,0.0,0.0,http_status_code;missed_bytes,5,21
1,ddos,dns_qclass,f1,0.9868907804475092,0.986891534224784,-7.537772748422711e-07,2.2418866897509504e-05,dns_qtype;dns_AA,5,22
2,dos,src_ip_bytes,f1,0.9956635487223596,0.4577015994260664,0.5379619492962932,0.004672663155852322,src_pkts;src_bytes,5,1
2,dos,conn_state,f1,0.9956635487223596,0.6957038709115665,0.29995967781079313,0.0010238199597672163,dst_bytes;service,5,2
2,dos,duration,f1,0.9956635487223596,0.7189627877822617,0.27670076094009793,0.00154639576624126,src_pkts;dst_pkts,5,3
2,dos,src_pkts,f1,0.9956635487223596,0.9303636484146722,0.06529990030768736,0.0008397464147050253,src_ip_bytes;duration,5,4
2,dos,dns_query,f1,0.9956635487223596,0.9834609466063735,0.012202602115985917,0.00029311661531201077,dns_RA;dns_rejected,5,5
2,dos,dst_ip_bytes,f1,0.9956635487223596,0.985230229611638,0.010433319110721673,0.00046539772190182477,dst_pkts;dst_bytes,5,6
2,dos,src_bytes,f1,0.9956635487223596,0.9864462797906087,0.009217268931750922,0.0001076934450715026,dst_bytes;service,5,7
2,dos,dst_bytes,f1,0.9956635487223596,0.992897219685687,0.002766329036672577,0.0002244227630332458,dst_ip_bytes;src_bytes,5,8
2,dos,dst_pkts,f1,0.9956635487223596,0.9940466543472214,0.0016168943751382558,0.0002717777452271623,dst_ip_bytes;dst_bytes,5,9
2,dos,dns_AA,f1,0.9956635487223596,0.9940575346849917,0.0016060140373679755,7.351344313047025e-05,dns_RA;dns_rejected,5,10
2,dos,dns_rejected,f1,0.9956635487223596,0.9943346632376459,0.001328885484713682,5.2613595104957825e-05,dns_AA;dns_RD,5,11
2,dos,service,f1,0.9956635487223596,0.9943429177796961,0.0013206309426635476,4.5480924954006316e-05,src_bytes;proto,5,12
2,dos,proto,f1,0.9956635487223596,0.9948497500287873,0.0008137986935723429,8.320285997369936e-05,dns_AA;dns_RA,5,13
2,dos,dns_qtype,f1,0.9956635487223596,0.9950544750027703,0.0006090737195894702,5.043291393839312e-05,dns_qclass;dns_rejected,5,14
2,dos,dns_RA,f1,0.9956635487223596,0.9950743217445458,0.0005892269778137616,6.601557843537333e-05,dns_AA;dns_RD,5,15
2,dos,missed_bytes,f1,0.9956635487223596,0.9952692980790792,0.0003942506432805137,5.948278950417754e-05,dst_bytes;duration,5,16
2,dos,dns_rcode,f1,0.9956635487223596,0.9954067050637191,0.0002568436586405598,8.850732832110331e-05,dns_RA;dns_AA,5,17
2,dos,dns_qclass,f1,0.9956635487223596,0.9955619276215206,0.00010162110083917763,2.6997762669978535e-05,dns_qtype;dns_AA,5,18
2,dos,dns_RD,f1,0.9956635487223596,0.9955699546443704,9.359407798936736e-05,3.6713148032068055e-05,dns_RA;dns_rejected,5,19
2,dos,http_status_code,f1,0.9956635487223596,0.9955777897322008,8.575899015879074e-05,1.7633935160541922e-05,http_response_body_len;http_request_body_len,5,20
2,dos,http_request_body_len,f1,0.9956635487223596,0.9956635487223597,0.0,0.0,http_status_code;http_response_body_len,5,21
2,dos,http_response_body_len,f1,0.9956635487223596,0.9956635487223597,0.0,0.0,http_status_code;missed_bytes,5,22
3,injection,src_bytes,f1,0.9802607881276565,0.7609962288883981,0.21926455923925844,0.0007574938350792068,dst_bytes;service,5,1
3,injection,conn_state,f1,0.9802607881276565,0.9015402842582134,0.07872050386944296,0.0008130859841659721,dst_bytes;service,5,2
3,injection,src_pkts,f1,0.9802607881276565,0.9135127642670742,0.0667480238605822,0.0011855882923616542,src_ip_bytes;duration,5,3
3,injection,duration,f1,0.9802607881276565,0.9382698665644105,0.04199092156324598,0.0012755456262221192,src_pkts;dst_pkts,5,4
3,injection,dst_ip_bytes,f1,0.9802607881276565,0.9504813971142145,0.02977939101344198,0.0003838607779963756,dst_pkts;dst_bytes,5,5
3,injection,dst_bytes,f1,0.9802607881276565,0.9637936248620251,0.016467163265631246,0.00045006660882952233,dst_ip_bytes;src_bytes,5,6
3,injection,dns_query,f1,0.9802607881276565,0.9645474813816429,0.015713306746013456,0.0005880181835616312,dns_RA;dns_rejected,5,7
3,injection,src_ip_bytes,f1,0.9802607881276565,0.9663491785369102,0.01391160959074631,0.00042106866398090967,src_pkts;src_bytes,5,8
3,injection,dst_pkts,f1,0.9802607881276565,0.9763256032837578,0.003935184843898765,0.0004443524945409667,dst_ip_bytes;dst_bytes,5,9
3,injection,proto,f1,0.9802607881276565,0.9776327520656427,0.002628036062013872,3.61016859651884e-05,dns_AA;dns_RA,5,10
3,injection,dns_qtype,f1,0.9802607881276565,0.979793030300514,0.0004677578271424787,4.756189639423283e-05,dns_qclass;dns_rejected,5,11
3,injection,dns_rejected,f1,0.9802607881276565,0.980010829886589,0.0002499582410675938,0.0001647865901747221,dns_AA;dns_RD,5,12
3,injection,dns_rcode,f1,0.9802607881276565,0.9800556044074126,0.0002051837202438067,0.00012515876401364968,dns_RA;dns_AA,5,13
3,injection,http_status_code,f1,0.9802607881276565,0.9800695796814946,0.00019120844616182797,1.799519637348421e-05,http_response_body_len;http_request_body_len,5,14
3,injection,service,f1,0.9802607881276565,0.9801325456602493,0.00012824246740723578,5.392281428226324e-05,src_bytes;proto,5,15
3,injection,dns_RD,f1,0.9802607881276565,0.9801587883493408,0.00010199977831577556,2.6150672764508703e-05,dns_RA;dns_rejected,5,16
3,injection,missed_bytes,f1,0.9802607881276565,0.9802184188295623,4.236929809429135e-05,1.412225154813207e-05,dst_bytes;duration,5,17
3,injection,dns_RA,f1,0.9802607881276565,0.9802449540640097,1.5834063646846807e-05,0.00010390871915208361,dns_AA;dns_RD,5,18
3,injection,http_request_body_len,f1,0.9802607881276565,0.9802607881276565,0.0,0.0,http_status_code;http_response_body_len,5,19
3,injection,http_response_body_len,f1,0.9802607881276565,0.9802607881276565,0.0,0.0,http_status_code;missed_bytes,5,20
3,injection,dns_AA,f1,0.9802607881276565,0.980303732373813,-4.294424615645109e-05,7.60155224817007e-05,dns_RA;dns_rejected,5,21
3,injection,dns_qclass,f1,0.9802607881276565,0.980312492609609,-5.1704481952419276e-05,3.706663666156608e-05,dns_qtype;dns_AA,5,22
4,mitm,dns_query,f1,0.9483695652173914,0.5175513246768991,0.4308182405404922,0.007560318468929953,dns_RA;dns_rejected,5,1
4,mitm,duration,f1,0.9483695652173914,0.6894913569161965,0.2588782083011948,0.012013676974441485,src_pkts;dst_pkts,5,2
4,mitm,dst_ip_bytes,f1,0.9483695652173914,0.7161201944956408,0.2322493707217505,0.008407931180178334,dst_pkts;dst_bytes,5,3
4,mitm,src_bytes,f1,0.9483695652173914,0.7646652509120876,0.18370431430530376,0.0032254466446284724,dst_bytes;service,5,4
4,mitm,src_ip_bytes,f1,0.9483695652173914,0.7721108516406276,0.1762587135767636,0.0059910083806190085,src_pkts;src_bytes,5,5
4,mitm,service,f1,0.9483695652173914,0.8286789591526164,0.11969060606477484,0.0027429485433861467,src_bytes;proto,5,6
4,mitm,src_pkts,f1,0.9483695652173914,0.8576089223203022,0.09076064289708918,0.004479723709772302,src_ip_bytes;duration,5,7
4,mitm,dst_bytes,f1,0.9483695652173914,0.8751319374686402,0.07323762774875124,0.0039921682155946,dst_ip_bytes;src_bytes,5,8
4,mitm,dst_pkts,f1,0.9483695652173914,0.8990628490870781,0.049306716130313274,0.002006539070436635,dst_ip_bytes;dst_bytes,5,9
4,mitm,proto,f1,0.9483695652173914,0.9074789957790206,0.04089056943837088,0.002336619328803425,dns_AA;dns_RA,5,10
4,mitm,dns_rejected,f1,0.9483695652173914,0.9210250373683957,0.027344527848995704,0.0017920564115494458,dns_AA;dns_RD,5,11
4,mitm,conn_state,f1,0.9483695652173914,0.9220367398876868,0.026332825329704622,0.002566766258118145,dst_bytes;service,5,12
4,mitm,missed_bytes,f1,0.9483695652173914,0.9272639895533972,0.02110557566399416,0.0016918592563639136,dst_bytes;duration,5,13
4,mitm,dns_AA,f1,0.9483695652173914,0.932395887155786,0.01597367806160539,0.0012221102461533442,dns_RA;dns_rejected,5,14
4,mitm,dns_rcode,f1,0.9483695652173914,0.9380018656497251,0.010367699567666255,0.0017514064362165937,dns_RA;dns_AA,5,15
4,mitm,dns_RA,f1,0.9483695652173914,0.9388660046071531,0.009503560610238316,0.0032079961284159856,dns_AA;dns_RD,5,16
4,mitm,dns_qtype,f1,0.9483695652173914,0.9415901143273645,0.00677945089002685,0.001498009216316102,dns_qclass;dns_rejected,5,17
4,mitm,dns_qclass,f1,0.9483695652173914,0.9442433773772537,0.004126187840137718,0.0013297575419411395,dns_qtype;dns_AA,5,18
4,mitm,dns_RD,f1,0.9483695652173914,0.9475685136624262,0.0008010515549650377,0.0005145165562980177,dns_RA;dns_rejected,5,19
4,mitm,http_status_code,f1,0.9483695652173914,0.948226583513138,0.0001429817042532644,0.0002859634085065288,http_response_body_len;http_request_body_len,5,20
4,mitm,http_request_body_len,f1,0.9483695652173914,0.9483695652173914,0.0,0.0,http_status_code;http_response_body_len,5,21
4,mitm,http_response_body_len,f1,0.9483695652173914,0.9483695652173914,0.0,0.0,http_status_code;missed_bytes,5,22
5,normal,src_pkts,f1,0.9991145387032276,0.8551221883977906,0.14399235030543697,0.00027281144083083275,src_ip_bytes;duration,5,1
5,normal,proto,f1,0.9991145387032276,0.9327251412544632,0.06638939744876435,0.0005655410454698665,dns_AA;dns_RA,5,2
5,normal,conn_state,f1,0.9991145387032276,0.9469276612479393,0.05218687745528838,0.00033361277845566116,dst_bytes;service,5,3
5,normal,duration,f1,0.9991145387032276,0.962263189526236,0.03685134917699153,0.0003822982100273272,src_pkts;dst_pkts,5,4
5,normal,dst_ip_bytes,f1,0.9991145387032276,0.9656937667627117,0.03342077194051589,0.0004911020887667899,dst_pkts;dst_bytes,5,5
5,normal,src_bytes,f1,0.9991145387032276,0.9730455062463005,0.026069032456927287,0.0003213557534576369,dst_bytes;service,5,6
5,normal,src_ip_bytes,f1,0.9991145387032276,0.9857810657476964,0.0133334729555312,0.0003114741339706938,src_pkts;src_bytes,5,7
5,normal,dst_pkts,f1,0.9991145387032276,0.9883999977088909,0.010714540994336686,0.00014900291918546659,dst_ip_bytes;dst_bytes,5,8
5,normal,dns_query,f1,0.9991145387032276,0.9909065878511288,0.008207950852098689,0.0003978827732439315,dns_RA;dns_rejected,5,9
5,normal,dst_bytes,f1,0.9991145387032276,0.9951582126425972,0.003956326060630277,0.00017363283621391184,dst_ip_bytes;src_bytes,5,10
5,normal,service,f1,0.9991145387032276,0.9975879679656854,0.0015265707375422765,3.828502949964596e-05,src_bytes;proto,5,11
5,normal,http_status_code,f1,0.9991145387032276,0.9986254828586107,0.0004890558446169147,1.6639667589032108e-05,http_response_body_len;http_request_body_len,5,12
5,normal,dns_AA,f1,0.9991145387032276,0.998657564925514,0.000456973777713543,7.054257932533287e-05,dns_RA;dns_rejected,5,13
5,normal,missed_bytes,f1,0.9991145387032276,0.9986803776044126,0.000434161098814978,2.9381911380228195e-05,dst_bytes;duration,5,14
5,normal,dns_rcode,f1,0.9991145387032276,0.9988461428590609,0.0002683958441667356,2.4568285995441152e-05,dns_RA;dns_AA,5,15
5,normal,dns_RA,f1,0.9991145387032276,0.999017479802496,9.705890073168355e-05,5.698428562402777e-06,dns_AA;dns_RD,5,16
5,normal,dns_RD,f1,0.9991145387032276,0.9990317638422551,8.277486097256759e-05,1.891775585598892e-05,dns_RA;dns_rejected,5,17
5,normal,dns_rejected,f1,0.9991145387032276,0.9991002701635516,1.4268539675943436e-05,1.5630223510088294e-05,dns_AA;dns_RD,5,18
5,normal,dns_qclass,f1,0.9991145387032276,0.9991145387032276,0.0,0.0,dns_qtype;dns_AA,5,19
5,normal,http_request_body_len,f1,0.9991145387032276,0.9991145387032276,0.0,0.0,http_status_code;http_response_body_len,5,20
5,normal,http_response_body_len,f1,0.9991145387032276,0.9991145387032276,0.0,0.0,http_status_code;missed_bytes,5,21
5,normal,dns_qtype,f1,0.9991145387032276,0.999114543679904,-4.9766764931291615e-09,1.5649289592114312e-05,dns_qclass;dns_rejected,5,22
6,password,src_bytes,f1,0.9905735050730373,0.6552057610578306,0.3353677440152067,0.0013717709625442537,dst_bytes;service,5,1
6,password,src_ip_bytes,f1,0.9905735050730373,0.8067500683046852,0.18382343676835217,0.0009312324793885732,src_pkts;src_bytes,5,2
6,password,conn_state,f1,0.9905735050730373,0.944738494603077,0.04583501046996037,0.0005427970251542819,dst_bytes;service,5,3
6,password,duration,f1,0.9905735050730373,0.9741229794202868,0.016450525652750535,0.00035351082281926435,src_pkts;dst_pkts,5,4
6,password,src_pkts,f1,0.9905735050730373,0.9768205662941348,0.013752938778902535,0.0007417334981848099,src_ip_bytes;duration,5,5
6,password,dns_query,f1,0.9905735050730373,0.9838852350465259,0.006688270026511378,0.00024735510692034323,dns_RA;dns_rejected,5,6
6,password,dst_ip_bytes,f1,0.9905735050730373,0.9876911472286551,0.0028823578443822663,0.00018363582192456413,dst_pkts;dst_bytes,5,7
6,password,dst_bytes,f1,0.9905735050730373,0.9884223702927256,0.0021511347803116142,0.00027469745252944026,dst_ip_bytes;src_bytes,5,8
6,password,dst_pkts,f1,0.9905735050730373,0.9888845592194484,0.0016889458535889635,0.00010936046330095932,dst_ip_bytes;dst_bytes,5,9
6,password,service,f1,0.9905735050730373,0.989398510602129,0.0011749944709082527,0.0001124133826384866,src_bytes;proto,5,10
6,password,dns_rcode,f1,0.9905735050730373,0.9900464633021768,0.000527041770860559,0.00016751400879918348,dns_RA;dns_AA,5,11
6,password,http_status_code,f1,0.9905735050730373,0.9901104038551443,0.0004631012178929472,0.0,http_response_body_len;http_request_body_len,5,12
6,password,dns_RA,f1,0.9905735050730373,0.9901787039296541,0.0003948011433832166,0.00011091370401597152,dns_AA;dns_RD,5,13
6,password,dns_qtype,f1,0.9905735050730373,0.9903619830913118,0.00021152198172527114,6.197415972092778e-05,dns_qclass;dns_rejected,5,14
6,password,missed_bytes,f1,0.9905735050730373,0.99037090356239,0.00020260151064732668,0.00011146271567903676,dst_bytes;duration,5,15
6,password,proto,f1,0.9905735050730373,0.990381368147823,0.00019213692521424797,7.698281485821061e-05,dns_AA;dns_RA,5,16
6,password,dns_AA,f1,0.9905735050730373,0.9905629814964177,1.052357661956993e-05,4.781018050934374e-05,dns_RA;dns_rejected,5,17
6,password,dns_RD,f1,0.9905735050730373,0.9905663773629809,7.1277100562872064e-06,1.4255420112574413e-05,dns_RA;dns_rejected,5,18
6,password,dns_qclass,f1,0.9905735050730373,0.9905716064413713,1.89863166593085e-06,3.917259012998996e-05,dns_qtype;dns_AA,5,19
6,password,dns_rejected,f1,0.9905735050730373,0.9905722223730876,1.2826999497894675e-06,0.00010017086001017173,dns_AA;dns_RD,5,20
6,password,http_request_body_len,f1,0.9905735050730373,0.9905735050730373,0.0,0.0,http_status_code;http_response_body_len,5,21
6,password,http_response_body_len,f1,0.9905735050730373,0.9905735050730373,0.0,0.0,http_status_code;missed_bytes,5,22
7,ransomware,duration,f1,0.9483003077774319,0.5774975253520929,0.37080278242533904,0.004342248384527163,src_pkts;dst_pkts,5,1
7,ransomware,conn_state,f1,0.9483003077774319,0.6629911682475231,0.28530913952990866,0.0017823526870878485,dst_bytes;service,5,2
7,ransomware,src_ip_bytes,f1,0.9483003077774319,0.7420856858561765,0.20621462192125542,0.0026750601953503053,src_pkts;src_bytes,5,3
7,ransomware,src_pkts,f1,0.9483003077774319,0.845827657665839,0.10247265011159286,0.0004410063076677128,src_ip_bytes;duration,5,4
7,ransomware,dst_ip_bytes,f1,0.9483003077774319,0.8595374240791422,0.08876288369828982,0.0013806782424938247,dst_pkts;dst_bytes,5,5
7,ransomware,proto,f1,0.9483003077774319,0.9156377344427605,0.032662573334671305,0.0010059678819374618,dns_AA;dns_RA,5,6
7,ransomware,dns_query,f1,0.9483003077774319,0.9241488073177854,0.02415150045964658,0.0007698914967904936,dns_RA;dns_rejected,5,7
7,ransomware,dst_pkts,f1,0.9483003077774319,0.9268950896949939,0.021405218082438116,0.000659115646155761,dst_ip_bytes;dst_bytes,5,8
7,ransomware,dns_AA,f1,0.9483003077774319,0.9468877931536518,0.0014125146237802034,0.00048080522540873367,dns_RA;dns_rejected,5,9
7,ransomware,dns_RD,f1,0.9483003077774319,0.948074242891509,0.000226064885922872,0.0005642990682599915,dns_RA;dns_rejected,5,10
7,ransomware,src_bytes,f1,0.9483003077774319,0.948147841474906,0.00015246630252581107,8.856146642799067e-05,dst_bytes;service,5,11
7,ransomware,service,f1,0.9483003077774319,0.9482747896840437,2.5518093388376963e-05,7.434749615144027e-05,src_bytes;proto,5,12
7,ransomware,dns_rcode,f1,0.9483003077774319,0.9482958954519528,4.412325479052903e-06,3.924958169369166e-05,dns_RA;dns_AA,5,13
7,ransomware,dst_bytes,f1,0.9483003077774319,0.9483003077774319,0.0,0.0,dst_ip_bytes;src_bytes,5,14
7,ransomware,missed_bytes,f1,0.9483003077774319,0.9483003077774319,0.0,0.0,dst_bytes;duration,5,15
7,ransomware,dns_qclass,f1,0.9483003077774319,0.9483003077774319,0.0,0.0,dns_qtype;dns_AA,5,16
7,ransomware,dns_RA,f1,0.9483003077774319,0.9483003077774319,0.0,0.0,dns_AA;dns_RD,5,17
7,ransomware,dns_rejected,f1,0.9483003077774319,0.9483003077774319,0.0,0.0,dns_AA;dns_RD,5,18
7,ransomware,http_request_body_len,f1,0.9483003077774319,0.9483003077774319,0.0,0.0,http_status_code;http_response_body_len,5,19
7,ransomware,http_response_body_len,f1,0.9483003077774319,0.9483003077774319,0.0,0.0,http_status_code;missed_bytes,5,20
7,ransomware,http_status_code,f1,0.9483003077774319,0.9483003077774319,0.0,0.0,http_response_body_len;http_request_body_len,5,21
7,ransomware,dns_qtype,f1,0.9483003077774319,0.9483228434004138,-2.2535622981911806e-05,3.597683568864253e-05,dns_qclass;dns_rejected,5,22
8,scanning,src_ip_bytes,f1,0.9938493262701319,0.21819630216527558,0.7756530241048564,0.004716687080203413,src_pkts;src_bytes,5,1
8,scanning,proto,f1,0.9938493262701319,0.8936450538726669,0.10020427239746503,0.001337282015120923,dns_AA;dns_RA,5,2
8,scanning,conn_state,f1,0.9938493262701319,0.9078945427917906,0.0859547834783412,0.0005090743823063141,dst_bytes;service,5,3
8,scanning,dns_query,f1,0.9938493262701319,0.9853232762042573,0.008526050065874568,0.0001985763345945081,dns_RA;dns_rejected,5,4
8,scanning,duration,f1,0.9938493262701319,0.9868796193494637,0.0069697069206681615,0.00044148512081614797,src_pkts;dst_pkts,5,5
8,scanning,dst_ip_bytes,f1,0.9938493262701319,0.991731747759722,0.0021175785104100564,0.00019660101705889374,dst_pkts;dst_bytes,5,6
8,scanning,src_bytes,f1,0.9938493262701319,0.9918633353640545,0.0019859909060773394,0.00011870289655402598,dst_bytes;service,5,7
8,scanning,dns_rejected,f1,0.9938493262701319,0.9931743031798075,0.0006750230903245669,0.0001471092189859233,dns_AA;dns_RD,5,8
8,scanning,src_pkts,f1,0.9938493262701319,0.9932938488175227,0.0005554774526092432,0.00014331708844905029,src_ip_bytes;duration,5,9
8,scanning,dst_bytes,f1,0.9938493262701319,0.993322868423901,0.0005264578462309766,0.00016645634915059737,dst_ip_bytes;src_bytes,5,10
8,scanning,dst_pkts,f1,0.9938493262701319,0.9934797964448083,0.0003695298253235224,0.00010794553791077538,dst_ip_bytes;dst_bytes,5,11
8,scanning,dns_AA,f1,0.9938493262701319,0.9934900651151711,0.00035926115496076605,2.644477515760393e-05,dns_RA;dns_rejected,5,12
8,scanning,dns_qtype,f1,0.9938493262701319,0.9935017872195193,0.0003475390506125775,5.190745893483403e-05,dns_qclass;dns_rejected,5,13
8,scanning,dns_RA,f1,0.9938493262701319,0.9936393569902867,0.0002099692798451569,8.689277923266885e-05,dns_AA;dns_RD,5,14
8,scanning,service,f1,0.9938493262701319,0.9937570213626781,9.23049074537774e-05,4.8251521400679355e-05,src_bytes;proto,5,15
8,scanning,dns_qclass,f1,0.9938493262701319,0.9937720402891781,7.728598095384509e-05,2.6436046008679436e-05,dns_qtype;dns_AA,5,16
8,scanning,missed_bytes,f1,0.9938493262701319,0.9937919104884495,5.7415781682346176e-05,5.335832790061628e-05,dst_bytes;duration,5,17
8,scanning,dns_RD,f1,0.9938493262701319,0.9938210602957191,2.826597441270007e-05,2.6440062286406556e-05,dns_RA;dns_rejected,5,18
8,scanning,dns_rcode,f1,0.9938493262701319,0.9938283013339075,2.1024936224356416e-05,3.6306437861562154e-05,dns_RA;dns_AA,5,19
8,scanning,http_request_body_len,f1,0.9938493262701319,0.993849326270132,0.0,0.0,http_status_code;http_response_body_len,5,20
8,scanning,http_response_body_len,f1,0.9938493262701319,0.993849326270132,0.0,0.0,http_status_code;missed_bytes,5,21
8,scanning,http_status_code,f1,0.9938493262701319,0.993849326270132,0.0,0.0,http_response_body_len;http_request_body_len,5,22
9,xss,conn_state,f1,0.9412020275162926,0.4669401227499218,0.4742619047663708,0.002589687864279891,dst_bytes;service,5,1
9,xss,src_ip_bytes,f1,0.9412020275162926,0.7024229853647836,0.23877904215150886,0.0025445723245649636,src_pkts;src_bytes,5,2
9,xss,src_pkts,f1,0.9412020275162926,0.829684967776014,0.11151705974027855,0.0010536982535875805,src_ip_bytes;duration,5,3
9,xss,src_bytes,f1,0.9412020275162926,0.8496199299196737,0.09158209759661884,0.0010437895265870798,dst_bytes;service,5,4
9,xss,duration,f1,0.9412020275162926,0.8647278080447105,0.07647421947158199,0.001314919934919458,src_pkts;dst_pkts,5,5
9,xss,dns_query,f1,0.9412020275162926,0.8840070267479934,0.05719500076829918,0.0012738041826264796,dns_RA;dns_rejected,5,6
9,xss,proto,f1,0.9412020275162926,0.9118670225124538,0.029335005003838698,0.00018190458077481,dns_AA;dns_RA,5,7
9,xss,dst_bytes,f1,0.9412020275162926,0.9292387488099324,0.011963278706360048,0.0005609781727798298,dst_ip_bytes;src_bytes,5,8
9,xss,dst_ip_bytes,f1,0.9412020275162926,0.9300279347054035,0.011174092810889014,0.0006593840844639871,dst_pkts;dst_bytes,5,9
9,xss,dst_pkts,f1,0.9412020275162926,0.9378112421808789,0.003390785335413615,0.0003222466519375616,dst_ip_bytes;dst_bytes,5,10
9,xss,service,f1,0.9412020275162926,0.9383776748214807,0.00282435269481196,6.147818708165343e-05,src_bytes;proto,5,11
9,xss,dns_AA,f1,0.9412020275162926,0.9389686417673909,0.0022333857489015953,0.0004990271246891164,dns_RA;dns_rejected,5,12
9,xss,dns_RD,f1,0.9412020275162926,0.9389965222448555,0.002205505271436947,0.0007965225489351054,dns_RA;dns_rejected,5,13
9,xss,dns_rcode,f1,0.9412020275162926,0.9400868928594394,0.001115134656853245,8.409983052404804e-05,dns_RA;dns_AA,5,14
9,xss,dns_qtype,f1,0.9412020275162926,0.9406713959268656,0.0005306315894269886,7.293459250105651e-05,dns_qclass;dns_rejected,5,15
9,xss,http_status_code,f1,0.9412020275162926,0.9408877690622279,0.00031425845406454214,1.5333785493609752e-05,http_response_body_len;http_request_body_len,5,16
9,xss,dns_rejected,f1,0.9412020275162926,0.9410112630377012,0.00019076447859129876,0.00013310750364759402,dns_AA;dns_RD,5,17
9,xss,dns_RA,f1,0.9412020275162926,0.9410929932579803,0.0001090342583121684,8.82153881791846e-05,dns_AA;dns_RD,5,18
9,xss,missed_bytes,f1,0.9412020275162926,0.9411636916615373,3.833585475521151e-05,0.0,dst_bytes;duration,5,19
9,xss,dns_qclass,f1,0.9412020275162926,0.9411875471387965,1.4480377496117746e-05,1.1927738629546882e-05,dns_qtype;dns_AA,5,20
9,xss,http_request_body_len,f1,0.9412020275162926,0.9412020275162926,0.0,0.0,http_status_code;http_response_body_len,5,21
9,xss,http_response_body_len,f1,0.9412020275162926,0.9412020275162926,0.0,0.0,http_status_code;missed_bytes,5,22
