class_id,class_name,feature,sage_importance,sage_repeat_std,rank_sage,positive_samples,negative_samples,repeats
0,backdoor,src_ip_bytes,4.931945207578072,0.0,1,14000,133729,1
0,backdoor,conn_state,0.902203101767234,0.0,2,14000,133729,1
0,backdoor,duration,0.5140074343932904,0.0,3,14000,133729,1
0,backdoor,dst_pkts,0.3764104505560208,0.0,4,14000,133729,1
0,backdoor,dst_ip_bytes,0.2772097499627878,0.0,5,14000,133729,1
0,backdoor,src_pkts,0.2695478632700862,0.0,6,14000,133729,1
0,backdoor,proto,0.1785681071675677,0.0,7,14000,133729,1
0,backdoor,src_bytes,0.14755524316738425,0.0,8,14000,133729,1
0,backdoor,service,0.1430043447216552,0.0,9,14000,133729,1
0,backdoor,dst_bytes,0.08310612122693575,0.0,10,14000,133729,1
0,backdoor,dns_query,0.07095340675341869,0.0,11,14000,133729,1
0,backdoor,dns_RA,0.025566069195478016,0.0,12,14000,133729,1
0,backdoor,dns_rejected,0.01735164681603899,0.0,13,14000,133729,1
0,backdoor,dns_RD,0.013090599002901328,0.0,14,14000,133729,1
0,backdoor,dns_rcode,0.01240061279747054,0.0,15,14000,133729,1
0,backdoor,dns_AA,0.007791609713444821,0.0,16,14000,133729,1
1,ddos,conn_state,1.146635642995166,0.0,1,14000,133729,1
1,ddos,src_ip_bytes,1.0640237338873684,0.0,2,14000,133729,1
1,ddos,dst_ip_bytes,0.7557994706253278,0.0,3,14000,133729,1
1,ddos,duration,0.5782587369960702,0.0,4,14000,133729,1
1,ddos,dns_query,0.4299517139558407,0.0,5,14000,133729,1
1,ddos,dst_bytes,0.2829190861891828,0.0,6,14000,133729,1
1,ddos,src_pkts,0.27940289255366535,0.0,7,14000,133729,1
1,ddos,src_bytes,0.24868859514396718,0.0,8,14000,133729,1
1,ddos,dst_pkts,0.21568905187623055,0.0,9,14000,133729,1
1,ddos,proto,0.15716716368728958,0.0,10,14000,133729,1
1,ddos,service,0.0986323561064378,0.0,11,14000,133729,1
1,ddos,dns_rejected,0.0509282443485238,0.0,12,14000,133729,1
1,ddos,dns_RA,0.04852205578477837,0.0,13,14000,133729,1
1,ddos,dns_rcode,0.04744137847082709,0.0,14,14000,133729,1
1,ddos,dns_AA,0.02983671281627039,0.0,15,14000,133729,1
1,ddos,dns_RD,0.029438151368016037,0.0,16,14000,133729,1
2,dos,src_ip_bytes,2.126739388205146,0.0,1,14000,133729,1
2,dos,conn_state,1.5934146595803502,0.0,2,14000,133729,1
2,dos,duration,0.6673786475855155,0.0,3,14000,133729,1
2,dos,src_bytes,0.3703110152494958,0.0,4,14000,133729,1
2,dos,src_pkts,0.2828415287999807,0.0,5,14000,133729,1
2,dos,dst_ip_bytes,0.19689763152839315,0.0,6,14000,133729,1
2,dos,dst_pkts,0.1802803528683571,0.0,7,14000,133729,1
2,dos,proto,0.16102163224353924,0.0,8,14000,133729,1
2,dos,dst_bytes,0.14460807120742356,0.0,9,14000,133729,1
2,dos,dns_query,0.14241031965045364,0.0,10,14000,133729,1
2,dos,dns_RA,0.04690702419581211,0.0,11,14000,133729,1
2,dos,service,0.04467726605434794,0.0,12,14000,133729,1
2,dos,dns_rejected,0.028216148164732634,0.0,13,14000,133729,1
2,dos,dns_RD,0.02689836130362072,0.0,14,14000,133729,1
2,dos,dns_rcode,0.009873034354561876,0.0,15,14000,133729,1
2,dos,dns_AA,0.007600547217550294,0.0,16,14000,133729,1
3,injection,src_bytes,1.114074092830259,0.0,1,14000,133729,1
3,injection,conn_state,1.0265830346344083,0.0,2,14000,133729,1
3,injection,src_ip_bytes,0.7170801420806994,0.0,3,14000,133729,1
3,injection,dst_bytes,0.602502034335719,0.0,4,14000,133729,1
3,injection,duration,0.5304089471235263,0.0,5,14000,133729,1
3,injection,dst_ip_bytes,0.49813708662041206,0.0,6,14000,133729,1
3,injection,dst_pkts,0.2307269877678389,0.0,7,14000,133729,1
3,injection,proto,0.17406814665377282,0.0,8,14000,133729,1
3,injection,dns_query,0.15141776069935345,0.0,9,14000,133729,1
3,injection,service,0.11241050089302199,0.0,10,14000,133729,1
3,injection,src_pkts,0.08094197967648979,0.0,11,14000,133729,1
3,injection,dns_RA,0.04242878481107312,0.0,12,14000,133729,1
3,injection,dns_rejected,0.017341945524741418,0.0,13,14000,133729,1
3,injection,dns_rcode,0.015474804855601626,0.0,14,14000,133729,1
3,injection,dns_RD,0.013634301294997875,0.0,15,14000,133729,1
3,injection,dns_AA,-0.00010380303767688144,0.0,16,14000,133729,1
4,mitm,dst_ip_bytes,1.0943066598606748,0.0,1,729,147000,1
4,mitm,src_pkts,0.7690960680009531,0.0,2,729,147000,1
4,mitm,dns_query,0.7524537445727487,0.0,3,729,147000,1
4,mitm,conn_state,0.7346874277126607,0.0,4,729,147000,1
4,mitm,src_ip_bytes,0.6764742931628569,0.0,5,729,147000,1
4,mitm,src_bytes,0.638095930633033,0.0,6,729,147000,1
4,mitm,duration,0.5134742389488663,0.0,7,729,147000,1
4,mitm,dst_bytes,0.46453456889400524,0.0,8,729,147000,1
4,mitm,service,0.2562704704906798,0.0,9,729,147000,1
4,mitm,proto,0.23119695253713343,0.0,10,729,147000,1
4,mitm,dst_pkts,0.2048669436241089,0.0,11,729,147000,1
4,mitm,dns_RA,0.10593303874931466,0.0,12,729,147000,1
4,mitm,dns_AA,0.04491580696130947,0.0,13,729,147000,1
4,mitm,dns_RD,0.020577689838049938,0.0,14,729,147000,1
4,mitm,dns_rcode,0.018278217041751022,0.0,15,729,147000,1
4,mitm,dns_rejected,0.01587121484794096,0.0,16,729,147000,1
5,normal,src_ip_bytes,0.841132644515117,0.0,1,35000,112729,1
5,normal,src_pkts,0.7805706077074726,0.0,2,35000,112729,1
5,normal,proto,0.7539439539825876,0.0,3,35000,112729,1
5,normal,conn_state,0.659224295863734,0.0,4,35000,112729,1
5,normal,dst_pkts,0.42748473831978934,0.0,5,35000,112729,1
5,normal,dns_query,0.3887934568903176,0.0,6,35000,112729,1
5,normal,duration,0.37744500380462903,0.0,7,35000,112729,1
5,normal,dst_ip_bytes,0.3331091990616752,0.0,8,35000,112729,1
5,normal,src_bytes,0.25299855760561735,0.0,9,35000,112729,1
5,normal,dst_bytes,0.15281404278012564,0.0,10,35000,112729,1
5,normal,service,0.12967718542867862,0.0,11,35000,112729,1
5,normal,dns_RA,0.09522565750203184,0.0,12,35000,112729,1
5,normal,dns_rejected,0.067298634339313,0.0,13,35000,112729,1
5,normal,dns_RD,0.045746451681975484,0.0,14,35000,112729,1
5,normal,dns_AA,0.030924519549438825,0.0,15,35000,112729,1
5,normal,dns_rcode,0.018168355382008245,0.0,16,35000,112729,1
6,password,src_ip_bytes,1.986427897792844,0.0,1,14000,133729,1
6,password,src_bytes,0.9612658692113648,0.0,2,14000,133729,1
6,password,conn_state,0.9390656079221387,0.0,3,14000,133729,1
6,password,dst_ip_bytes,0.5455653224491284,0.0,4,14000,133729,1
6,password,duration,0.3755938395718744,0.0,5,14000,133729,1
6,password,src_pkts,0.34932135342638815,0.0,6,14000,133729,1
6,password,dst_pkts,0.26690153413602286,0.0,7,14000,133729,1
6,password,service,0.21749488783335338,0.0,8,14000,133729,1
6,password,dst_bytes,0.1845558922760222,0.0,9,14000,133729,1
6,password,proto,0.17455471128676983,0.0,10,14000,133729,1
6,password,dns_query,0.16765419491857542,0.0,11,14000,133729,1
6,password,dns_RA,0.1490109220948537,0.0,12,14000,133729,1
6,password,dns_rcode,0.022257198632908457,0.0,13,14000,133729,1
6,password,dns_rejected,0.020116796884782955,0.0,14,14000,133729,1
6,password,dns_RD,0.014575785775052058,0.0,15,14000,133729,1
6,password,dns_AA,-0.001261381895109123,0.0,16,14000,133729,1
7,ransomware,duration,2.623694379072043,0.0,1,14000,133729,1
7,ransomware,conn_state,1.4537035841461114,0.0,2,14000,133729,1
7,ransomware,src_ip_bytes,0.9305594292311101,0.0,3,14000,133729,1
7,ransomware,src_pkts,0.525396058778288,0.0,4,14000,133729,1
7,ransomware,dst_pkts,0.3613555940018187,0.0,5,14000,133729,1
7,ransomware,dst_ip_bytes,0.32426809193465483,0.0,6,14000,133729,1
7,ransomware,proto,0.2766418271474115,0.0,7,14000,133729,1
7,ransomware,src_bytes,0.18802282054089026,0.0,8,14000,133729,1
7,ransomware,dst_bytes,0.11555581489524362,0.0,9,14000,133729,1
7,ransomware,dns_AA,0.0899481243891874,0.0,10,14000,133729,1
7,ransomware,dns_query,0.0635315065944385,0.0,11,14000,133729,1
7,ransomware,service,0.05321755057400047,0.0,12,14000,133729,1
7,ransomware,dns_RD,0.036168623412226944,0.0,13,14000,133729,1
7,ransomware,dns_RA,0.0335157620261127,0.0,14,14000,133729,1
7,ransomware,dns_rejected,0.021959058538579716,0.0,15,14000,133729,1
7,ransomware,dns_rcode,0.010645744972142983,0.0,16,14000,133729,1
8,scanning,src_ip_bytes,3.911559583677334,0.0,1,14000,133729,1
8,scanning,conn_state,0.7846058465715059,0.0,2,14000,133729,1
8,scanning,proto,0.41510327331674385,0.0,3,14000,133729,1
8,scanning,duration,0.4148625260181328,0.0,4,14000,133729,1
8,scanning,dst_ip_bytes,0.2462564657908078,0.0,5,14000,133729,1
8,scanning,src_pkts,0.19511081754254453,0.0,6,14000,133729,1
8,scanning,src_bytes,0.18419559511251352,0.0,7,14000,133729,1
8,scanning,dns_query,0.13997139501900363,0.0,8,14000,133729,1
8,scanning,dst_bytes,0.13387837190526108,0.0,9,14000,133729,1
8,scanning,dst_pkts,0.1335986758593336,0.0,10,14000,133729,1
8,scanning,service,0.05374210513322959,0.0,11,14000,133729,1
8,scanning,dns_RA,0.03516359269972859,0.0,12,14000,133729,1
8,scanning,dns_rejected,0.02343022729029674,0.0,13,14000,133729,1
8,scanning,dns_RD,0.014078749656844747,0.0,14,14000,133729,1
8,scanning,dns_rcode,0.013148028772001878,0.0,15,14000,133729,1
8,scanning,dns_AA,-0.0032683500503464516,0.0,16,14000,133729,1
9,xss,conn_state,1.6601885291102283,0.0,1,14000,133729,1
9,xss,src_ip_bytes,0.9421231659499621,0.0,2,14000,133729,1
9,xss,src_bytes,0.5584795250040568,0.0,3,14000,133729,1
9,xss,duration,0.49785061168683165,0.0,4,14000,133729,1
9,xss,src_pkts,0.3546065538974735,0.0,5,14000,133729,1
9,xss,dns_query,0.2945157401689002,0.0,6,14000,133729,1
9,xss,dst_bytes,0.28434289219239134,0.0,7,14000,133729,1
9,xss,dst_ip_bytes,0.28123442446208585,0.0,8,14000,133729,1
9,xss,proto,0.19608216675506335,0.0,9,14000,133729,1
9,xss,dst_pkts,0.1805935568114006,0.0,10,14000,133729,1
9,xss,service,0.11131781122021246,0.0,11,14000,133729,1
9,xss,dns_rcode,0.04049498645130441,0.0,12,14000,133729,1
9,xss,dns_AA,0.03067401376599887,0.0,13,14000,133729,1
9,xss,dns_RA,0.02712570694578788,0.0,14,14000,133729,1
9,xss,dns_rejected,0.019761914181534068,0.0,15,14000,133729,1
9,xss,dns_RD,0.012120159446435854,0.0,16,14000,133729,1
