class_id,class_name,feature,selection_sources,mean_abs_shap,cpf_importance_mean,consensus_score
0,backdoor,src_ip_bytes,shap_intersection_cpf,14.512637755737467,0.6398872362137604,1.0
0,backdoor,conn_state,shap_intersection_cpf,3.4660354622834957,0.007399225602072601,0.12519604998898476
0,backdoor,duration,shap_intersection_cpf,2.0987790396952337,7.153066921496975e-05,0.07236456218685572
0,backdoor,service,shap_intersection_cpf,0.9385774747741615,0.0011455914940502244,0.033231708031615514
0,backdoor,src_bytes,shap_intersection_cpf,0.240884298815841,0.0023291091514067385,0.010119059056718983
0,backdoor,src_pkts,shap_intersection_cpf,0.23241221023911326,0.00017882030688938234,0.008146963269141879
0,backdoor,dst_bytes,shap_intersection_cpf,0.14619975414162645,0.00035784508308567275,0.005316596491984049
1,ddos,conn_state,shap_intersection_cpf,1.7433161453783832,0.16941012261566937,0.8293225472293648
1,ddos,dst_ip_bytes,shap_intersection_cpf,2.6468217254559976,0.011847572235196613,0.5349671319879583
1,ddos,duration,shap_intersection_cpf,1.0133599007992917,0.08515982001610042,0.4427717549350174
1,ddos,dst_bytes,shap_intersection_cpf,1.5646211972825297,0.024342608586736314,0.36741123434695766
1,ddos,src_ip_bytes,shap_intersection_cpf,1.3283457356328325,0.021597159013453115,0.3146744591502118
1,ddos,dns_rcode,shap_intersection_cpf,1.2402494873354597,0.004563704408883607,0.24775973012472932
1,ddos,dns_query,shap_intersection_cpf,0.8511649192438546,0.017225571557829535,0.21162985116473973
1,ddos,src_bytes,shap_intersection_cpf,0.3987377473529561,0.043405071537546316,0.20343036442397566
1,ddos,src_pkts,shap_intersection_cpf,0.25558729091612087,0.004976171335959756,0.06296868317306124
2,dos,src_ip_bytes,shap_intersection_cpf,5.201698841251466,0.5203504449759283,1.0
2,dos,conn_state,shap_intersection_cpf,3.956171738171384,0.30700358184414356,0.6752738358205295
2,dos,src_pkts,shap_intersection_cpf,2.0062341075336247,0.02782975758813009,0.21958548392332017
2,dos,duration,shap_intersection_cpf,1.8339186792639068,0.012470395809320346,0.18826343325876307
2,dos,src_bytes,shap_intersection_cpf,1.2698065902491662,0.009395889135443269,0.13108533573584222
2,dos,dns_query,shap_intersection_cpf,0.2388939225289981,0.0037480744880918236,0.026564558049196562
2,dos,dst_ip_bytes,shap_intersection_cpf,0.2139453300528916,0.0019911342001889265,0.02247821048321998
2,dos,dst_pkts,shap_intersection_cpf,0.1178580179480873,0.002544352459120547,0.013773645692128828
2,dos,dst_bytes,shap_intersection_cpf,0.12716165481346256,0.0013903383200501995,0.01355905232743087
3,injection,src_bytes,shap_intersection_cpf,4.195811008753077,0.24394461467077527,1.0
3,injection,conn_state,shap_intersection_cpf,1.364373386825667,0.09261018363398547,0.3524056176781337
3,injection,dst_bytes,shap_intersection_cpf,2.5178691466024152,0.01943392384889726,0.33987824212496703
3,injection,duration,shap_intersection_cpf,1.4552116011517262,0.05316096132053727,0.2823735633572737
3,injection,dst_ip_bytes,shap_intersection_cpf,1.4176326052841355,0.018238312587425854,0.20631635451209113
3,injection,src_pkts,shap_intersection_cpf,0.30701896962416036,0.06897277957063838,0.1779561202473139
3,injection,src_ip_bytes,shap_intersection_cpf,0.8509850269329426,0.008617795236817449,0.11907231025310178
3,injection,dns_query,shap_intersection_cpf,0.33283404489800517,0.015205524480433686,0.07082859524788548
3,injection,dst_pkts,shap_intersection_cpf,0.38623403769171577,0.004954440395555082,0.05618099492309033
4,mitm,duration,shap_intersection_cpf,1.6097042078433836,0.06895527266418722,0.9151447467383973
4,mitm,src_pkts,shap_intersection_cpf,0.9717547805459668,0.0790791172811943,0.7892592000723742
4,mitm,dns_query,shap_intersection_cpf,1.2041770260317064,0.06480645752134066,0.7682006887467084
4,mitm,src_ip_bytes,shap_intersection_cpf,1.504163920034997,0.03860256907543995,0.6918153795406513
4,mitm,dst_ip_bytes,shap_intersection_cpf,1.6797301180097797,0.015993477114352374,0.6011232653083481
4,mitm,src_bytes,shap_intersection_cpf,1.222058720591445,0.032221056172217245,0.5674930955741546
4,mitm,dst_bytes,shap_intersection_cpf,0.9129835482149553,0.034844481790101,0.49207900528004267
4,mitm,conn_state,shap_intersection_cpf,0.6389492380220007,0.01478600023631873,0.28368266976620204
4,mitm,service,shap_intersection_cpf,0.499073230457048,0.011475979405252112,0.2211176776403468
5,normal,src_pkts,shap_intersection_cpf,2.7666944038298795,0.10218082613741668,1.0
5,normal,proto,shap_intersection_cpf,2.227164002206721,0.05822638890024094,0.6874138534736949
5,normal,conn_state,shap_intersection_cpf,1.0100179484050802,0.052312606970600715,0.4385120784407925
5,normal,dns_query,shap_intersection_cpf,1.5793860577334566,0.005009957415578104,0.3099435078843254
5,normal,dst_ip_bytes,shap_intersection_cpf,0.5453929120241187,0.037113717726895354,0.2801720291285625
5,normal,duration,shap_intersection_cpf,0.9507445572791692,0.01843693883676094,0.26203679656744194
5,normal,dst_pkts,shap_intersection_cpf,1.0867697846448234,0.009047786357909348,0.2406756147055874
5,normal,src_ip_bytes,shap_intersection_cpf,0.8163179634152449,0.017404513455077052,0.2326911247716142
6,password,src_bytes,shap_intersection_cpf,3.2757029754108005,0.3081944261653611,0.8120466223956239
6,password,src_ip_bytes,shap_intersection_cpf,5.248739675922124,0.1790201117034385,0.7904337270645279
6,password,conn_state,shap_intersection_cpf,1.6782204301682286,0.07956607863992145,0.28895312273336465
6,password,duration,shap_intersection_cpf,1.1095279029865743,0.002329650479971246,0.1094742116428861
6,password,dst_bytes,shap_intersection_cpf,0.5192530290528018,0.0008922515340438197,0.050912090490882654
6,password,dns_query,shap_intersection_cpf,0.393868253692391,0.001581176022167252,0.040085494321092395
6,password,service,shap_intersection_cpf,0.24698936692183263,0.0007168066251810323,0.024691358154472435
7,ransomware,conn_state,shap_intersection_cpf,3.8170614136382355,0.3444113637155401,0.8612205211259842
7,ransomware,duration,shap_intersection_cpf,5.283561135646202,0.13203582889326043,0.6916833223341505
7,ransomware,src_ip_bytes,shap_intersection_cpf,3.3110213977218175,0.21755621469370148,0.6291701053446092
7,ransomware,src_pkts,shap_intersection_cpf,1.9090176864783694,0.10616394782654186,0.3347801036745147
7,ransomware,dst_ip_bytes,shap_intersection_cpf,1.310665325649057,0.09988447678665754,0.26903990203343686
7,ransomware,dst_pkts,shap_intersection_cpf,0.5117149282894696,0.016039376772276116,0.07171039493556522
7,ransomware,proto,shap_intersection_cpf,0.3646316195518858,0.02065576623758101,0.06449329321518465
7,ransomware,dns_AA,shap_intersection_cpf,0.18450183148244828,0.0008738174114959252,0.018728554788462214
7,ransomware,dns_RD,shap_intersection_cpf,0.08430560265056185,0.0007850861248458907,0.009117854818756727
8,scanning,src_ip_bytes,shap_intersection_cpf,15.04963181672289,0.7852604986130146,1.0
8,scanning,conn_state,shap_intersection_cpf,0.8769140559014977,0.08031924152634548,0.08027585147629811
8,scanning,proto,shap_intersection_cpf,0.1562776195112677,0.09072423972275465,0.06295904476036832
8,scanning,duration,shap_intersection_cpf,1.5410462612106128,0.0036553176538090203,0.05352625818377133
8,scanning,dns_query,shap_intersection_cpf,0.4165069260379878,0.006745232976095172,0.018132679423930154
8,scanning,dst_ip_bytes,shap_intersection_cpf,0.34181224588438086,0.0012571619252721654,0.012156640830954975
8,scanning,dst_bytes,shap_intersection_cpf,0.32352102218921347,0.001624860334373035,0.0117830692289314
8,scanning,src_bytes,shap_intersection_cpf,0.3122836483002068,0.0010274732529515606,0.011029350314716987
8,scanning,dst_pkts,shap_intersection_cpf,0.09882759644544717,0.0030757301743384426,0.005241803091584897
9,xss,conn_state,shap_intersection_cpf,2.7278410982861487,0.49164392319327643,1.0
9,xss,src_ip_bytes,shap_intersection_cpf,1.4428820461618388,0.26017354383120433,0.5290687627359338
9,xss,src_bytes,shap_intersection_cpf,1.8314251757640378,0.08320264998130056,0.4203081018268834
9,xss,duration,shap_intersection_cpf,0.8532414533522766,0.06889424851012978,0.2264601953455832
9,xss,src_pkts,shap_intersection_cpf,0.7834120542378149,0.05829735172965209,0.20288380254639482
9,xss,dst_bytes,shap_intersection_cpf,0.7813216955320595,0.006057196158246602,0.14937261043784153
9,xss,dns_query,shap_intersection_cpf,0.4506765836731752,0.017204939650816264,0.10010418304303277
9,xss,dst_ip_bytes,shap_intersection_cpf,0.38068149994043715,0.00810328128735518,0.07801807284272408
9,xss,proto,shap_intersection_cpf,0.19940424370761925,0.031020090027763226,0.06809714117517127
9,xss,dst_pkts,shap_intersection_cpf,0.28052592047222863,0.0026189322050282015,0.05408248031217421
